ID,First Name,Last Name,Email
1,Jhon,Smith,jhon@gmail.com
2,3,María,Smith,maria@gmail.com
3,Pedro,Smith,pedro@gmail.com
4,Emily,Johnson,emily@gmail.com
5,Michael,Anderson,michael@gmail.com
6,1,Sarah,Williams,sarah@gmail.com
7,Christopher,Brown,chris@gmail.com
8,Amanda,Jones,amanda@gmail.com
9,David,Martinez,david@gmail.com
10,Emma,Davis,emma@gmail.com