Id,First Name,Last Name,Email
1,Jhonn,Smith,jhonn@gmail.com
2,Alice,Johnson,alice@gmail.com
3,Bob,Williams,bob@gmail.com
4,Emma,Jones,emma@gmail.com
5,Michael,Davis,michael@gmail.com
6,Olivia,Miller,olivia@gmail.com
7,James,Brown,james@gmail.com
8,Sophia,Wilson,sophia@gmail.com
9,Daniel,Taylor,daniel@gmail.com
10,Ava,Moore,avauniversity@gmail.com
Created @ Sat Jan 27 00:26:38 PET 2024